"Epic","Feature","Story","FAILED","BROKEN","PASSED","SKIPPED","UNKNOWN"
"","机场航司筛选工具-热门城市推荐-广州-查看详情","","0","0","1","0","0"
"","机场航司筛选工具-查看所有航司","","0","0","1","0","0"
"","机场航司筛选工具-机场筛选","","0","0","1","0","0"
"","机场航司筛选工具-热门机场推荐-北京首都-查看详情","","0","0","1","0","0"
"","机场航司筛选工具-热门机场推荐-广州白云-查看详情","","0","0","1","0","0"
"","机场航司筛选工具-查看所有城市","","0","0","1","0","0"
"","机场航司筛选工具-热门航司推荐-海南航空-查看详情","","0","0","1","0","0"
"","机场航司筛选工具-热门航司推荐-中国航空-查看详情","","0","0","1","0","0"
"","机场航司筛选工具-热门机场推荐-深圳宝安-查看详情","","0","0","1","0","0"
"","机场航司筛选工具-热门城市推荐-北京-查看详情","","0","0","1","0","0"
"","机场筛选工具-航司筛选","","1","0","0","0","0"
"","登录功能","","0","0","1","0","0"
"","机场航司筛选工具-查看所有机场","","0","0","1","0","0"
"","机场航司筛选工具-撑死","","1","0","0","0","0"
"","机场航司筛选工具-热门城市推荐-深圳-查看详情","","0","0","1","0","0"
"","机场航司筛选工具-热门航司推荐-东方航空-查看详情","","0","0","1","0","0"
"","机场航司筛选工具-热门机场推荐-上海浦东-查看详情","","0","0","1","0","0"
"","机场航司筛选工具-热门城市推荐-上海-查看详情","","0","0","1","0","0"
"","机场航司筛选工具-热门航司推荐-南方航空-查看详情","","0","0","1","0","0"
